Bulbasaur,1,Grass,Poison,45,49,49,65,65,45
Ivysaur,2,Grass,Poison,60,62,63,80,80,60
Venusaur,3,Grass,Poison,80,82,83,100,100,80
Charmander,4,Fire,,39,52,43,60,50,65
Charmeleon,5,Fire,,58,64,58,80,65,80
Charizard,6,Fire,Flying,78,84,78,109,85,100
Squirtle,7,Water,,44,48,65,50,64,43
Wartortle,8,Water,,59,63,80,65,80,58
Blastoise,9,Water,,79,83,100,85,105,78
Caterpie,10,Bug,,45,30,35,20,20,45
Metapod,11,Bug,,50,20,55,25,25,30
Butterfree,12,Bug,Flying,60,45,50,90,80,70
Weedle,13,Bug,Poison,40,35,30,20,20,50
Kakuna,14,Bug,Poison,45,25,50,25,25,35
Beedrill,15,Bug,Poison,65,90,40,45,80,75
Pidgey,16,Normal,Flying,40,45,40,35,35,56
Pidgeotto,17,Normal,Flying,63,60,55,50,50,71
Pidgeot,18,Normal,Flying,83,80,75,70,70,101
Rattata,19,Normal,,30,56,35,25,35,72
Raticate,20,Normal,,55,81,60,50,70,97
Spearow,21,Normal,Flying,40,60,30,31,31,70
Fearow,22,Normal,Flying,65,90,65,61,61,100
Ekans,23,Poison,,35,60,44,40,54,55
Arbok,24,Poison,,60,95,69,65,79,80
Pikachu,25,Electric,,35,55,40,50,50,90
Raichu,26,Electric,,60,90,55,90,80,110
Sandshrew,27,Ground,,50,75,85,20,30,40
Sandslash,28,Ground,,75,100,110,45,55,65
Nidoran♀,29,Poison,,55,47,52,40,40,41
Nidorina,30,Poison,,70,62,67,55,55,56
Nidoqueen,31,Poison,Ground,90,92,87,75,85,76
Nidoran♂,32,Poison,,46,57,40,40,40,50
Nidorino,33,Poison,,61,72,57,55,55,65
Nidoking,34,Poison,Ground,81,102,77,85,75,85
Clefairy,35,Fairy,,70,45,48,60,65,35
Clefable,36,Fairy,,95,70,73,95,90,60
Vulpix,37,Fire,,38,41,40,50,65,65
Ninetales,38,Fire,,73,76,75,81,100,100
Jigglypuff,39,Normal,Fairy,115,45,20,45,25,20
Wigglytuff,40,Normal,Fairy,140,70,45,85,50,45
Zubat,41,Poison,Flying,40,45,35,30,40,55
Golbat,42,Poison,Flying,75,80,70,65,75,90
Oddish,43,Grass,Poison,45,50,55,75,65,30
Gloom,44,Grass,Poison,60,65,70,85,75,40
Vileplume,45,Grass,Poison,75,80,85,110,90,50
Paras,46,Bug,Grass,35,70,55,45,55,25
Parasect,47,Bug,Grass,60,95,80,60,80,30
Venonat,48,Bug,Poison,60,55,50,40,55,45
Venomoth,49,Bug,Poison,70,65,60,90,75,90
Diglett,50,Ground,,10,55,25,35,45,95
Dugtrio,51,Ground,,35,100,50,50,70,120
Meowth,52,Normal,,40,45,35,40,40,90
Persian,53,Normal,,65,70,60,65,65,115
Psyduck,54,Water,,50,52,48,65,50,55
Golduck,55,Water,,80,82,78,95,80,85
Mankey,56,Fighting,,40,80,35,35,45,70
Primeape,57,Fighting,,65,105,60,60,70,95
Growlithe,58,Fire,,55,70,45,70,50,60
Arcanine,59,Fire,,90,110,80,100,80,95
Poliwag,60,Water,,40,50,40,40,40,90
Poliwhirl,61,Water,,65,65,65,50,50,90
Poliwrath,62,Water,Fighting,90,95,95,70,90,70
Abra,63,Psychic,,25,20,15,105,55,90
Kadabra,64,Psychic,,40,35,30,120,70,105
Alakazam,65,Psychic,,55,50,45,135,95,120
Machop,66,Fighting,,70,80,50,35,35,35
Machoke,67,Fighting,,80,100,70,50,60,45
Machamp,68,Fighting,,90,130,80,65,85,55
Bellsprout,69,Grass,Poison,50,75,35,70,30,40
Weepinbell,70,Grass,Poison,65,90,50,85,45,55
Victreebel,71,Grass,Poison,80,105,65,100,70,70
Tentacool,72,Water,Poison,40,40,35,50,100,70
Tentacruel,73,Water,Poison,80,70,65,80,120,100
Geodude,74,Rock,Ground,40,80,100,30,30,20
Graveler,75,Rock,Ground,55,95,115,45,45,35
Golem,76,Rock,Ground,80,120,130,55,65,45
Ponyta,77,Fire,,50,85,55,65,65,90
Rapidash,78,Fire,,65,100,70,80,80,105
Slowpoke,79,Water,Psychic,90,65,65,40,40,15
Slowbro,80,Water,Psychic,95,75,110,100,80,30
Magnemite,81,Electric,Steel,25,35,70,95,55,45
Magneton,82,Electric,Steel,50,60,95,120,70,70
Farfetch'd,83,Normal,Flying,52,90,55,58,62,60
Doduo,84,Normal,Flying,35,85,45,35,35,75
Dodrio,85,Normal,Flying,60,110,70,60,60,110
Seel,86,Water,,65,45,55,45,70,45
Dewgong,87,Water,Ice,90,70,80,70,95,70
Grimer,88,Poison,,80,80,50,40,50,25
Muk,89,Poison,,105,105,75,65,100,50
Shellder,90,Water,,30,65,100,45,25,40
Cloyster,91,Water,Ice,50,95,180,85,45,70
Gastly,92,Ghost,Poison,30,35,30,100,35,80
Haunter,93,Ghost,Poison,45,50,45,115,55,95
Gengar,94,Ghost,Poison,60,65,60,130,75,110
Onix,95,Rock,Ground,35,45,160,30,45,70
Drowzee,96,Psychic,,60,48,45,43,90,42
Hypno,97,Psychic,,85,73,70,73,115,67
Krabby,98,Water,,30,105,90,25,25,50
Kingler,99,Water,,55,130,115,50,50,75
Voltorb,100,Electric,,40,30,50,55,55,100
Electrode,101,Electric,,60,50,70,80,80,150
Exeggcute,102,Grass,Psychic,60,40,80,60,45,40
Exeggutor,103,Grass,Psychic,95,95,85,125,75,55
Cubone,104,Ground,,50,50,95,40,50,35
Marowak,105,Ground,,60,80,110,50,80,45
Hitmonlee,106,Fighting,,50,120,53,35,110,87
Hitmonchan,107,Fighting,,50,105,79,35,110,76
Lickitung,108,Normal,,90,55,75,60,75,30
Koffing,109,Poison,,40,65,95,60,45,35
Weezing,110,Poison,,65,90,120,85,70,60
Rhyhorn,111,Ground,Rock,80,85,95,30,30,25
Rhydon,112,Ground,Rock,105,130,120,45,45,40
Chansey,113,Normal,,250,5,5,35,105,50
Tangela,114,Grass,,65,55,115,100,40,60
Kangaskhan,115,Normal,,105,95,80,40,80,90
Horsea,116,Water,,30,40,70,70,25,60
Seadra,117,Water,,55,65,95,95,45,85
Goldeen,118,Water,,45,67,60,35,50,63
Seaking,119,Water,,80,92,65,65,80,68
Staryu,120,Water,,30,45,55,70,55,85
Starmie,121,Water,Psychic,60,75,85,100,85,115
Mr. Mime,122,Psychic,Fairy,40,45,65,100,120,90
Scyther,123,Bug,Flying,70,110,80,55,80,105
Jynx,124,Ice,Psychic,65,50,35,115,95,95
Electabuzz,125,Electric,,65,83,57,95,85,105
Magmar,126,Fire,,65,95,57,100,85,93
Pinsir,127,Bug,,65,125,100,55,70,85
Tauros,128,Normal,,75,100,95,40,70,110
Magikarp,129,Water,,20,10,55,15,20,80
Gyarados,130,Water,Flying,95,125,79,60,100,81
Lapras,131,Water,Ice,130,85,80,85,95,60
Ditto,132,Normal,,48,48,48,48,48,48
Eevee,133,Normal,,55,55,50,45,65,55
Vaporeon,134,Water,,130,65,60,110,95,65
Jolteon,135,Electric,,65,65,60,110,95,130
Flareon,136,Fire,,65,130,60,95,110,65
Porygon,137,Normal,,65,60,70,85,75,40
Omanyte,138,Rock,Water,35,40,100,90,55,35
Omastar,139,Rock,Water,70,60,125,115,70,55
Kabuto,140,Rock,Water,30,80,90,55,45,55
Kabutops,141,Rock,Water,60,115,105,65,70,80
Aerodactyl,142,Rock,Flying,80,105,65,60,75,130
Snorlax,143,Normal,,160,110,65,65,110,30
Articuno,144,Ice,Flying,90,85,100,95,125,85
Zapdos,145,Electric,Flying,90,90,85,125,90,100
Moltres,146,Fire,Flying,90,100,90,125,85,90
Dratini,147,Dragon,,41,64,45,50,50,50
Dragonair,148,Dragon,,61,84,65,70,70,70
Dragonite,149,Dragon,Flying,91,134,95,100,100,80
Mewtwo,150,Psychic,,106,110,90,154,90,130
Mew,151,Psychic,,100,100,100,100,100,100
Chikorita,152,Grass,,45,49,65,49,65,45
Bayleef,153,Grass,,60,62,80,63,80,60
Meganium,154,Grass,,80,82,100,83,100,80
Cyndaquil,155,Fire,,39,52,43,60,50,65
Quilava,156,Fire,,58,64,58,80,65,80
Typhlosion,157,Fire,,78,84,78,109,85,100
Totodile,158,Water,,50,65,64,44,48,43
Croconaw,159,Water,,65,80,80,59,63,58
Feraligatr,160,Water,,85,105,100,79,83,78
Sentret,161,Normal,,35,46,34,35,45,20
Furret,162,Normal,,85,76,64,45,55,90
Hoothoot,163,Normal,Flying,60,30,30,36,56,50
Noctowl,164,Normal,Flying,100,50,50,86,96,70
Ledyba,165,Bug,Flying,40,20,30,40,80,55
Ledian,166,Bug,Flying,55,35,50,55,110,85
Spinarak,167,Bug,Poison,40,60,40,40,40,30
Ariados,168,Bug,Poison,70,90,70,60,70,40
Crobat,169,Poison,Flying,85,90,80,70,80,130
Chinchou,170,Water,Electric,75,38,38,56,56,67
Lanturn,171,Water,Electric,125,58,58,76,76,67
Pichu,172,Electric,,20,40,15,35,35,60
Cleffa,173,Fairy,,50,25,28,45,55,15
Igglybuff,174,Normal,Fairy,90,30,15,40,20,15
Togepi,175,Fairy,,35,20,65,40,65,20
Togetic,176,Fairy,Flying,55,40,85,80,105,40
Natu,177,Psychic,Flying,40,50,45,70,45,70
Xatu,178,Psychic,Flying,65,75,70,95,70,95
Mareep,179,Electric,,55,40,40,65,45,35
Flaaffy,180,Electric,,70,55,55,80,60,45
Ampharos,181,Electric,,90,75,85,115,90,55
Bellossom,182,Grass,,75,80,95,90,100,50
Marill,183,Water,Fairy,70,20,50,20,50,40
Azumarill,184,Water,Fairy,100,50,80,60,80,50
Sudowoodo,185,Rock,,70,100,115,30,65,30
Politoed,186,Water,,90,75,75,90,100,70
Hoppip,187,Grass,Flying,35,35,40,35,55,50
Skiploom,188,Grass,Flying,55,45,50,45,65,80
Jumpluff,189,Grass,Flying,75,55,70,55,95,110
Aipom,190,Normal,,55,70,55,40,55,85
Sunkern,191,Grass,,30,30,30,30,30,30
Sunflora,192,Grass,,75,75,55,105,85,30
Yanma,193,Bug,Flying,65,65,45,75,45,95
Wooper,194,Water,Ground,55,45,45,25,25,15
Quagsire,195,Water,Ground,95,85,85,65,65,35
Espeon,196,Psychic,,65,65,60,130,95,110
Umbreon,197,Dark,,95,65,110,60,130,65
Murkrow,198,Dark,Flying,60,85,42,85,42,91
Slowking,199,Water,Psychic,95,75,80,100,110,30
Misdreavus,200,Ghost,,60,60,60,85,85,85
Unown,201,Psychic,,48,72,48,72,48,48
Wobbuffet,202,Psychic,,190,33,58,33,58,33
Girafarig,203,Normal,Psychic,70,80,65,90,65,85
Pineco,204,Bug,,50,65,90,35,35,15
Forretress,205,Bug,Steel,75,90,140,60,60,40
Dunsparce,206,Normal,,100,70,70,65,65,45
Gligar,207,Ground,Flying,65,75,105,35,65,85
Steelix,208,Steel,Ground,75,85,200,55,65,30
Snubbull,209,Fairy,,60,80,50,40,40,30
Granbull,210,Fairy,,90,120,75,60,60,45
Qwilfish,211,Water,Poison,65,95,85,55,55,85
Scizor,212,Bug,Steel,70,130,100,55,80,65
Shuckle,213,Bug,Rock,20,10,230,10,230,5
Heracross,214,Bug,Fighting,80,125,75,40,95,85
Sneasel,215,Dark,Ice,55,95,55,35,75,115
Teddiursa,216,Normal,,60,80,50,50,50,40
Ursaring,217,Normal,,90,130,75,75,75,55
Slugma,218,Fire,,40,40,40,70,40,20
Magcargo,219,Fire,Rock,60,50,120,90,80,30
Swinub,220,Ice,Ground,50,50,40,30,30,50
Piloswine,221,Ice,Ground,100,100,80,60,60,50
Corsola,222,Water,Rock,65,55,95,65,95,35
Remoraid,223,Water,,35,65,35,65,35,65
Octillery,224,Water,,75,105,75,105,75,45
Delibird,225,Ice,Flying,45,55,45,65,45,75
Mantine,226,Water,Flying,85,40,70,80,140,70
Skarmory,227,Steel,Flying,65,80,140,40,70,70
Houndour,228,Dark,Fire,45,60,30,80,50,65
Houndoom,229,Dark,Fire,75,90,50,110,80,95
Kingdra,230,Water,Dragon,75,95,95,95,95,85
Phanpy,231,Ground,,90,60,60,40,40,40
Donphan,232,Ground,,90,120,120,60,60,50
Porygon2,233,Normal,,85,80,90,105,95,60
Stantler,234,Normal,,73,95,62,85,65,85
Smeargle,235,Normal,,55,20,35,20,45,75
Tyrogue,236,Fighting,,35,35,35,35,35,35
Hitmontop,237,Fighting,,50,95,95,35,110,70
Smoochum,238,Ice,Psychic,45,30,15,85,65,65
Elekid,239,Electric,,45,63,37,65,55,95
Magby,240,Fire,,45,75,37,70,55,83
Miltank,241,Normal,,95,80,105,40,70,100
Blissey,242,Normal,,255,10,10,75,135,55
Raikou,243,Electric,,90,85,75,115,100,115
Entei,244,Fire,,115,115,85,90,75,100
Suicune,245,Water,,100,75,115,90,115,85
Larvitar,246,Rock,Ground,50,64,50,45,50,41
Pupitar,247,Rock,Ground,70,84,70,65,70,51
Tyranitar,248,Rock,Dark,100,134,110,95,100,61
Lugia,249,Psychic,Flying,106,90,130,90,154,110
Ho-oh,250,Fire,Flying,106,130,90,110,154,90
Celebi,251,Psychic,Grass,100,100,100,100,100,100
Treecko,252,Grass,,40,45,35,65,55,70
Grovyle,253,Grass,,50,65,45,85,65,95
Sceptile,254,Grass,,70,85,65,105,85,120
Torchic,255,Fire,,45,60,40,70,50,45
Combusken,256,Fire,Fighting,60,85,60,85,60,55
Blaziken,257,Fire,Fighting,80,120,70,110,70,80
Mudkip,258,Water,,50,70,50,50,50,40
Marshtomp,259,Water,Ground,70,85,70,60,70,50
Swampert,260,Water,Ground,100,110,90,85,90,60
Poochyena,261,Dark,,35,55,35,30,30,35
Mightyena,262,Dark,,70,90,70,60,60,70
Zigzagoon,263,Normal,,38,30,41,30,41,60
Linoone,264,Normal,,78,70,61,50,61,100
Wurmple,265,Bug,,45,45,35,20,30,20
Silcoon,266,Bug,,50,35,55,25,25,15
Beautifly,267,Bug,Flying,60,70,50,100,50,65
Cascoon,268,Bug,,50,35,55,25,25,15
Dustox,269,Bug,Poison,60,50,70,50,90,65
Lotad,270,Water,Grass,40,30,30,40,50,30
Lombre,271,Water,Grass,60,50,50,60,70,50
Ludicolo,272,Water,Grass,80,70,70,90,100,70
Seedot,273,Grass,,40,40,50,30,30,30
Nuzleaf,274,Grass,Dark,70,70,40,60,40,60
Shiftry,275,Grass,Dark,90,100,60,90,60,80
Taillow,276,Normal,Flying,40,55,30,30,30,85
Swellow,277,Normal,Flying,60,85,60,75,50,125
Wingull,278,Water,Flying,40,30,30,55,30,85
Pelipper,279,Water,Flying,60,50,100,95,70,65
Ralts,280,Psychic,Fairy,28,25,25,45,35,40
Kirlia,281,Psychic,Fairy,38,35,35,65,55,50
Gardevoir,282,Psychic,Fairy,68,65,65,125,115,80
Surskit,283,Bug,Water,40,30,32,50,52,65
Masquerain,284,Bug,Flying,70,60,62,100,82,80
Shroomish,285,Grass,,60,40,60,40,60,35
Breloom,286,Grass,Fighting,60,130,80,60,60,70
Slakoth,287,Normal,,60,60,60,35,35,30
Vigoroth,288,Normal,,80,80,80,55,55,90
Slaking,289,Normal,,150,160,100,95,65,100
Nincada,290,Bug,Ground,31,45,90,30,30,40
Ninjask,291,Bug,Flying,61,90,45,50,50,160
Shedinja,292,Bug,Ghost,1,90,45,30,30,40
Whismur,293,Normal,,64,51,23,51,23,28
Loudred,294,Normal,,84,71,43,71,43,48
Exploud,295,Normal,,104,91,63,91,73,68
Makuhita,296,Fighting,,72,60,30,20,30,25
Hariyama,297,Fighting,,144,120,60,40,60,50
Azurill,298,Normal,Fairy,50,20,40,20,40,20
Nosepass,299,Rock,,30,45,135,45,90,30
Skitty,300,Normal,,50,45,45,35,35,50
Delcatty,301,Normal,,70,65,65,55,55,90
Sableye,302,Dark,Ghost,50,75,75,65,65,50
Mawile,303,Steel,Fairy,50,85,85,55,55,50
Aron,304,Steel,Rock,50,70,100,40,40,30
Lairon,305,Steel,Rock,60,90,140,50,50,40
Aggron,306,Steel,Rock,70,110,180,60,60,50
Meditite,307,Fighting,Psychic,30,40,55,40,55,60
Medicham,308,Fighting,Psychic,60,60,75,60,75,80
Electrike,309,Electric,,40,45,40,65,40,65
Manectric,310,Electric,,70,75,60,105,60,105
Plusle,311,Electric,,60,50,40,85,75,95
Minun,312,Electric,,60,40,50,75,85,95
Volbeat,313,Bug,,65,73,75,47,85,85
Illumise,314,Bug,,65,47,75,73,85,85
Roselia,315,Grass,Poison,50,60,45,100,80,65
Gulpin,316,Poison,,70,43,53,43,53,40
Swalot,317,Poison,,100,73,83,73,83,55
Carvanha,318,Water,Dark,45,90,20,65,20,65
Sharpedo,319,Water,Dark,70,120,40,95,40,95
Wailmer,320,Water,,130,70,35,70,35,60
Wailord,321,Water,,170,90,45,90,45,60
Numel,322,Fire,Ground,60,60,40,65,45,35
Camerupt,323,Fire,Ground,70,100,70,105,75,40
Torkoal,324,Fire,,70,85,140,85,70,20
Spoink,325,Psychic,,60,25,35,70,80,60
Grumpig,326,Psychic,,80,45,65,90,110,80
Spinda,327,Normal,,60,60,60,60,60,60
Trapinch,328,Ground,,45,100,45,45,45,10
Vibrava,329,Ground,Dragon,50,70,50,50,50,70
Flygon,330,Ground,Dragon,80,100,80,80,80,100
Cacnea,331,Grass,,50,85,40,85,40,35
Cacturne,332,Grass,Dark,70,115,60,115,60,55
Swablu,333,Normal,Flying,45,40,60,40,75,50
Altaria,334,Dragon,Flying,75,70,90,70,105,80
Zangoose,335,Normal,,73,115,60,60,60,90
Seviper,336,Poison,,73,100,60,100,60,65
Lunatone,337,Rock,Psychic,90,55,65,95,85,70
Solrock,338,Rock,Psychic,90,95,85,55,65,70
Barboach,339,Water,Ground,50,48,43,46,41,60
Whiscash,340,Water,Ground,110,78,73,76,71,60
Corphish,341,Water,,43,80,65,50,35,35
Crawdaunt,342,Water,Dark,63,120,85,90,55,55
Baltoy,343,Ground,Psychic,40,40,55,40,70,55
Claydol,344,Ground,Psychic,60,70,105,70,120,75
Lileep,345,Rock,Grass,66,41,77,61,87,23
Cradily,346,Rock,Grass,86,81,97,81,107,43
Anorith,347,Rock,Bug,45,95,50,40,50,75
Armaldo,348,Rock,Bug,75,125,100,70,80,45
Feebas,349,Water,,20,15,20,10,55,80
Milotic,350,Water,,95,60,79,100,125,81
Castform,351,Normal,,70,70,70,70,70,70
Kecleon,352,Normal,,60,90,70,60,120,40
Shuppet,353,Ghost,,44,75,35,63,33,45
Banette,354,Ghost,,64,115,65,83,63,65
Duskull,355,Ghost,,20,40,90,30,90,25
Dusclops,356,Ghost,,40,70,130,60,130,25
Tropius,357,Grass,Flying,99,68,83,72,87,51
Chimecho,358,Psychic,,75,50,80,95,90,65
Absol,359,Dark,,65,130,60,75,60,75
Wynaut,360,Psychic,,95,23,48,23,48,23
Snorunt,361,Ice,,50,50,50,50,50,50
Glalie,362,Ice,,80,80,80,80,80,80
Spheal,363,Ice,Water,70,40,50,55,50,25
Sealeo,364,Ice,Water,90,60,70,75,70,45
Walrein,365,Ice,Water,110,80,90,95,90,65
Clamperl,366,Water,,35,64,85,74,55,32
Huntail,367,Water,,55,104,105,94,75,52
Gorebyss,368,Water,,55,84,105,114,75,52
Relicanth,369,Water,Rock,100,90,130,45,65,55
Luvdisc,370,Water,,43,30,55,40,65,97
Bagon,371,Dragon,,45,75,60,40,30,50
Shelgon,372,Dragon,,65,95,100,60,50,50
Salamence,373,Dragon,Flying,95,135,80,110,80,100
Beldum,374,Steel,Psychic,40,55,80,35,60,30
Metang,375,Steel,Psychic,60,75,100,55,80,50
Metagross,376,Steel,Psychic,80,135,130,95,90,70
Regirock,377,Rock,,80,100,200,50,100,50
Regice,378,Ice,,80,50,100,100,200,50
Registeel,379,Steel,,80,75,150,75,150,50
Latias,380,Dragon,Psychic,80,80,90,110,130,110
Latios,381,Dragon,Psychic,80,90,80,130,110,110
Kyogre,382,Water,,100,100,90,150,140,90
Groudon,383,Ground,,100,150,140,100,90,90
Rayquaza,384,Dragon,Flying,105,150,90,150,90,95
Jirachi,385,Steel,Psychic,100,100,100,100,100,100
Deoxys,386,Psychic,,50,150,50,150,50,150
Turtwig,387,Grass,,55,68,64,45,55,31
Grotle,388,Grass,,75,89,85,55,65,36
Torterra,389,Grass,Ground,95,109,105,75,85,56
Chimchar,390,Fire,,44,58,44,58,44,61
Monferno,391,Fire,Fighting,64,78,52,78,52,81
Infernape,392,Fire,Fighting,76,104,71,104,71,108
Piplup,393,Water,,53,51,53,61,56,40
Prinplup,394,Water,,64,66,68,81,76,50
Empoleon,395,Water,Steel,84,86,88,111,101,60
Starly,396,Normal,Flying,40,55,30,30,30,60
Staravia,397,Normal,Flying,55,75,50,40,40,80
Staraptor,398,Normal,Flying,85,120,70,50,60,100
Bidoof,399,Normal,,59,45,40,35,40,31
Bibarel,400,Normal,Water,79,85,60,55,60,71
Kricketot,401,Bug,,37,25,41,25,41,25
Kricketune,402,Bug,,77,85,51,55,51,65
Shinx,403,Electric,,45,65,34,40,34,45
Luxio,404,Electric,,60,85,49,60,49,60
Luxray,405,Electric,,80,120,79,95,79,70
Budew,406,Grass,Poison,40,30,35,50,70,55
Roserade,407,Grass,Poison,60,70,65,125,105,90
Cranidos,408,Rock,,67,125,40,30,30,58
Rampardos,409,Rock,,97,165,60,65,50,58
Shieldon,410,Rock,Steel,30,42,118,42,88,30
Bastiodon,411,Rock,Steel,60,52,168,47,138,30
Burmy,412,Bug,,40,29,45,29,45,36
Wormadam,413,Bug,Grass,60,59,85,79,105,36
Mothim,414,Bug,Flying,70,94,50,94,50,66
Combee,415,Bug,Flying,30,30,42,30,42,70
Vespiquen,416,Bug,Flying,70,80,102,80,102,40
Pachirisu,417,Electric,,60,45,70,45,90,95
Buizel,418,Water,,55,65,35,60,30,85
Floatzel,419,Water,,85,105,55,85,50,115
Cherubi,420,Grass,,45,35,45,62,53,35
Cherrim,421,Grass,,70,60,70,87,78,85
Shellos,422,Water,,76,48,48,57,62,34
Gastrodon,423,Water,Ground,111,83,68,92,82,39
Ambipom,424,Normal,,75,100,66,60,66,115
Drifloon,425,Ghost,Flying,90,50,34,60,44,70
Drifblim,426,Ghost,Flying,150,80,44,90,54,80
Buneary,427,Normal,,55,66,44,44,56,85
Lopunny,428,Normal,,65,76,84,54,96,105
Mismagius,429,Ghost,,60,60,60,105,105,105
Honchkrow,430,Dark,Flying,100,125,52,105,52,71
Glameow,431,Normal,,49,55,42,42,37,85
Purugly,432,Normal,,71,82,64,64,59,112
Chingling,433,Psychic,,45,30,50,65,50,45
Stunky,434,Poison,Dark,63,63,47,41,41,74
Skuntank,435,Poison,Dark,103,93,67,71,61,84
Bronzor,436,Steel,Psychic,57,24,86,24,86,23
Bronzong,437,Steel,Psychic,67,89,116,79,116,33
Bonsly,438,Rock,,50,80,95,10,45,10
Mime Jr.,439,Psychic,Fairy,20,25,45,70,90,60
Happiny,440,Normal,,100,5,5,15,65,30
Chatot,441,Normal,Flying,76,65,45,92,42,91
Spiritomb,442,Ghost,Dark,50,92,108,92,108,35
Gible,443,Dragon,Ground,58,70,45,40,45,42
Gabite,444,Dragon,Ground,68,90,65,50,55,82
Garchomp,445,Dragon,Ground,108,130,95,80,85,102
Munchlax,446,Normal,,135,85,40,40,85,5
Riolu,447,Fighting,,40,70,40,35,40,60
Lucario,448,Fighting,Steel,70,110,70,115,70,90
Hippopotas,449,Ground,,68,72,78,38,42,32
Hippowdon,450,Ground,,108,112,118,68,72,47
Skorupi,451,Poison,Bug,40,50,90,30,55,65
Drapion,452,Poison,Dark,70,90,110,60,75,95
Croagunk,453,Poison,Fighting,48,61,40,61,40,50
Toxicroak,454,Poison,Fighting,83,106,65,86,65,85
Carnivine,455,Grass,,74,100,72,90,72,46
Finneon,456,Water,,49,49,56,49,61,66
Lumineon,457,Water,,69,69,76,69,86,91
Mantyke,458,Water,Flying,45,20,50,60,120,50
Snover,459,Grass,Ice,60,62,50,62,60,40
Abomasnow,460,Grass,Ice,90,92,75,92,85,60
Weavile,461,Dark,Ice,70,120,65,45,85,125
Magnezone,462,Electric,Steel,70,70,115,130,90,60
Lickilicky,463,Normal,,110,85,95,80,95,50
Rhyperior,464,Ground,Rock,115,140,130,55,55,40
Tangrowth,465,Grass,,100,100,125,110,50,50
Electivire,466,Electric,,75,123,67,95,85,95
Magmortar,467,Fire,,75,95,67,125,95,83
Togekiss,468,Fairy,Flying,85,50,95,120,115,80
Yanmega,469,Bug,Flying,86,76,86,116,56,95
Leafeon,470,Grass,,65,110,130,60,65,95
Glaceon,471,Ice,,65,60,110,130,95,65
Gliscor,472,Ground,Flying,75,95,125,45,75,95
Mamoswine,473,Ice,Ground,110,130,80,70,60,80
Porygon-Z,474,Normal,,85,80,70,135,75,90
Gallade,475,Psychic,Fighting,68,125,65,65,115,80
Probopass,476,Rock,Steel,60,55,145,75,150,40
Dusknoir,477,Ghost,,45,100,135,65,135,45
Froslass,478,Ice,Ghost,70,80,70,80,70,110
Rotom,479,Electric,Ghost,50,50,77,95,77,91
Uxie,480,Psychic,,75,75,130,75,130,95
Mesprit,481,Psychic,,80,105,105,105,105,80
Azelf,482,Psychic,,75,125,70,125,70,115
Dialga,483,Steel,Dragon,100,120,120,150,100,90
Palkia,484,Water,Dragon,90,120,100,150,120,100
Heatran,485,Fire,Steel,91,90,106,130,106,77
Regigigas,486,Normal,,110,160,110,80,110,100
Giratina,487,Ghost,Dragon,150,100,120,100,120,90
Cresselia,488,Psychic,,120,70,110,75,120,85
Phione,489,Water,,80,80,80,80,80,80
Manaphy,490,Water,,100,100,100,100,100,100
Darkrai,491,Dark,,70,90,90,135,90,125
Shaymin,492,Grass,,100,100,100,100,100,100
Arceus,493,Normal,,120,120,120,120,120,120
Victini,494,Psychic,Fire,100,100,100,100,100,100
Snivy,495,Grass,,45,45,55,45,55,63
Servine,496,Grass,,60,60,75,60,75,83
Serperior,497,Grass,,75,75,95,75,95,113
Tepig,498,Fire,,65,63,45,45,45,45
Pignite,499,Fire,Fighting,90,93,55,70,55,55
Emboar,500,Fire,Fighting,110,123,65,100,65,65
Oshawott,501,Water,,55,55,45,63,45,45
Dewott,502,Water,,75,75,60,83,60,60
Samurott,503,Water,,95,100,85,108,70,70
Patrat,504,Normal,,45,55,39,35,39,42
Watchog,505,Normal,,60,85,69,60,69,77
Lillipup,506,Normal,,45,60,45,25,45,55
Herdier,507,Normal,,65,80,65,35,65,60
Stoutland,508,Normal,,85,110,90,45,90,80
Purrloin,509,Dark,,41,50,37,50,37,66
Liepard,510,Dark,,64,88,50,88,50,106
Pansage,511,Grass,,50,53,48,53,48,64
Simisage,512,Grass,,75,98,63,98,63,101
Pansear,513,Fire,,50,53,48,53,48,64
Simisear,514,Fire,,75,98,63,98,63,101
Panpour,515,Water,,50,53,48,53,48,64
Simipour,516,Water,,75,98,63,98,63,101
Munna,517,Psychic,,76,25,45,67,55,24
Musharna,518,Psychic,,116,55,85,107,95,29
Pidove,519,Normal,Flying,50,55,50,36,30,43
Tranquill,520,Normal,Flying,62,77,62,50,42,65
Unfezant,521,Normal,Flying,80,115,80,65,55,93
Blitzle,522,Electric,,45,60,32,50,32,76
Zebstrika,523,Electric,,75,100,63,80,63,116
Roggenrola,524,Rock,,55,75,85,25,25,15
Boldore,525,Rock,,70,105,105,50,40,20
Gigalith,526,Rock,,85,135,130,60,80,25
Woobat,527,Psychic,Flying,65,45,43,55,43,72
Swoobat,528,Psychic,Flying,67,57,55,77,55,114
Drilbur,529,Ground,,60,85,40,30,45,68
Excadrill,530,Ground,Steel,110,135,60,50,65,88
Audino,531,Normal,,103,60,86,60,86,50
Timburr,532,Fighting,,75,80,55,25,35,35
Gurdurr,533,Fighting,,85,105,85,40,50,40
Conkeldurr,534,Fighting,,105,140,95,55,65,45
Tympole,535,Water,,50,50,40,50,40,64
Palpitoad,536,Water,Ground,75,65,55,65,55,69
Seismitoad,537,Water,Ground,105,95,75,85,75,74
Throh,538,Fighting,,120,100,85,30,85,45
Sawk,539,Fighting,,75,125,75,30,75,85
Sewaddle,540,Bug,Grass,45,53,70,40,60,42
Swadloon,541,Bug,Grass,55,63,90,50,80,42
Leavanny,542,Bug,Grass,75,103,80,70,80,92
Venipede,543,Bug,Poison,30,45,59,30,39,57
Whirlipede,544,Bug,Poison,40,55,99,40,79,47
Scolipede,545,Bug,Poison,60,100,89,55,69,112
Cottonee,546,Grass,Fairy,40,27,60,37,50,66
Whimsicott,547,Grass,Fairy,60,67,85,77,75,116
Petilil,548,Grass,,45,35,50,70,50,30
Lilligant,549,Grass,,70,60,75,110,75,90
Basculin,550,Water,,70,92,65,80,55,98
Sandile,551,Ground,Dark,50,72,35,35,35,65
Krokorok,552,Ground,Dark,60,82,45,45,45,74
Krookodile,553,Ground,Dark,95,117,80,65,70,92
Darumaka,554,Fire,,70,90,45,15,45,50
Darmanitan,555,Fire,,105,140,55,30,55,95
Maractus,556,Grass,,75,86,67,106,67,60
Dwebble,557,Bug,Rock,50,65,85,35,35,55
Crustle,558,Bug,Rock,70,105,125,65,75,45
Scraggy,559,Dark,Fighting,50,75,70,35,70,48
Scrafty,560,Dark,Fighting,65,90,115,45,115,58
Sigilyph,561,Psychic,Flying,72,58,80,103,80,97
Yamask,562,Ghost,,38,30,85,55,65,30
Cofagrigus,563,Ghost,,58,50,145,95,105,30
Tirtouga,564,Water,Rock,54,78,103,53,45,22
Carracosta,565,Water,Rock,74,108,133,83,65,32
Archen,566,Rock,Flying,55,112,45,74,45,70
Archeops,567,Rock,Flying,75,140,65,112,65,110
Trubbish,568,Poison,,50,50,62,40,62,65
Garbodor,569,Poison,,80,95,82,60,82,75
Zorua,570,Dark,,40,65,40,80,40,65
Zoroark,571,Dark,,60,105,60,120,60,105
Minccino,572,Normal,,55,50,40,40,40,75
Cinccino,573,Normal,,75,95,60,65,60,115
Gothita,574,Psychic,,45,30,50,55,65,45
Gothorita,575,Psychic,,60,45,70,75,85,55
Gothitelle,576,Psychic,,70,55,95,95,110,65
Solosis,577,Psychic,,45,30,40,105,50,20
Duosion,578,Psychic,,65,40,50,125,60,30
Reuniclus,579,Psychic,,110,65,75,125,85,30
Ducklett,580,Water,Flying,62,44,50,44,50,55
Swanna,581,Water,Flying,75,87,63,87,63,98
Vanillite,582,Ice,,36,50,50,65,60,44
Vanillish,583,Ice,,51,65,65,80,75,59
Vanilluxe,584,Ice,,71,95,85,110,95,79
Deerling,585,Normal,Grass,60,60,50,40,50,75
Sawsbuck,586,Normal,Grass,80,100,70,60,70,95
Emolga,587,Electric,Flying,55,75,60,75,60,103
Karrablast,588,Bug,,50,75,45,40,45,60
Escavalier,589,Bug,Steel,70,135,105,60,105,20
Foongus,590,Grass,Poison,69,55,45,55,55,15
Amoonguss,591,Grass,Poison,114,85,70,85,80,30
Frillish,592,Water,Ghost,55,40,50,65,85,40
Jellicent,593,Water,Ghost,100,60,70,85,105,60
Alomomola,594,Water,,165,75,80,40,45,65
Joltik,595,Bug,Electric,50,47,50,57,50,65
Galvantula,596,Bug,Electric,70,77,60,97,60,108
Ferroseed,597,Grass,Steel,44,50,91,24,86,10
Ferrothorn,598,Grass,Steel,74,94,131,54,116,20
Klink,599,Steel,,40,55,70,45,60,30
Klang,600,Steel,,60,80,95,70,85,50
Klinklang,601,Steel,,60,100,115,70,85,90
Tynamo,602,Electric,,35,55,40,45,40,60
Eelektrik,603,Electric,,65,85,70,75,70,40
Eelektross,604,Electric,,85,115,80,105,80,50
Elgyem,605,Psychic,,55,55,55,85,55,30
Beheeyem,606,Psychic,,75,75,75,125,95,40
Litwick,607,Ghost,Fire,50,30,55,65,55,20
Lampent,608,Ghost,Fire,60,40,60,95,60,55
Chandelure,609,Ghost,Fire,60,55,90,145,90,80
Axew,610,Dragon,,46,87,60,30,40,57
Fraxure,611,Dragon,,66,117,70,40,50,67
Haxorus,612,Dragon,,76,147,90,60,70,97
Cubchoo,613,Ice,,55,70,40,60,40,40
Beartic,614,Ice,,95,130,80,70,80,50
Cryogonal,615,Ice,,80,50,50,95,135,105
Shelmet,616,Bug,,50,40,85,40,65,25
Accelgor,617,Bug,,80,70,40,100,60,145
Stunfisk,618,Ground,Electric,109,66,84,81,99,32
Mienfoo,619,Fighting,,45,85,50,55,50,65
Mienshao,620,Fighting,,65,125,60,95,60,105
Druddigon,621,Dragon,,77,120,90,60,90,48
Golett,622,Ground,Ghost,59,74,50,35,50,35
Golurk,623,Ground,Ghost,89,124,80,55,80,55
Pawniard,624,Dark,Steel,45,85,70,40,40,60
Bisharp,625,Dark,Steel,65,125,100,60,70,70
Bouffalant,626,Normal,,95,110,95,40,95,55
Rufflet,627,Normal,Flying,70,83,50,37,50,60
Braviary,628,Normal,Flying,100,123,75,57,75,80
Vullaby,629,Dark,Flying,70,55,75,45,65,60
Mandibuzz,630,Dark,Flying,110,65,105,55,95,80
Heatmor,631,Fire,,85,97,66,105,66,65
Durant,632,Bug,Steel,58,109,112,48,48,109
Deino,633,Dark,Dragon,52,65,50,45,50,38
Zweilous,634,Dark,Dragon,72,85,70,65,70,58
Hydreigon,635,Dark,Dragon,92,105,90,125,90,98
Larvesta,636,Bug,Fire,55,85,55,50,55,60
Volcarona,637,Bug,Fire,85,60,65,135,105,100
Cobalion,638,Steel,Fighting,91,90,129,90,72,108
Terrakion,639,Rock,Fighting,91,129,90,72,90,108
Virizion,640,Grass,Fighting,91,90,72,90,129,108
Tornadus,641,Flying,,79,115,70,125,80,111
Thundurus,642,Electric,Flying,79,115,70,125,80,111
Reshiram,643,Dragon,Fire,100,120,100,150,120,90
Zekrom,644,Dragon,Electric,100,150,120,120,100,90
Landorus,645,Ground,Flying,89,125,90,115,80,101
Kyurem,646,Dragon,Ice,125,130,90,130,90,95
Keldeo,647,Water,Fighting,91,72,90,129,90,108
Meloetta,648,Normal,Psychic,100,77,77,128,128,90
Genesect,649,Bug,Steel,71,120,95,120,95,99
Chespin,650,Grass,,56,61,65,48,45,38
Quilladin,651,Grass,,61,78,95,56,58,57
Chesnaught,652,Grass,Fighting,88,107,122,74,75,64
Fennekin,653,Fire,,40,45,40,62,60,60
Braixen,654,Fire,,59,59,58,90,70,73
Delphox,655,Fire,Psychic,75,69,72,114,100,104
Froakie,656,Water,,41,56,40,62,44,71
Frogadier,657,Water,,54,63,52,83,56,97
Greninja,658,Water,Dark,72,95,67,103,71,122
Bunnelby,659,Normal,,38,36,38,32,36,57
Diggersby,660,Normal,Ground,85,56,77,50,77,78
Fletchling,661,Normal,Flying,45,50,43,40,38,62
Fletchinder,662,Fire,Flying,62,73,55,56,52,84
Talonflame,663,Fire,Flying,78,81,71,74,69,126
Scatterbug,664,Bug,,38,35,40,27,25,35
Spewpa,665,Bug,,45,22,60,27,30,29
Vivillon,666,Bug,Flying,80,52,50,90,50,89
Litleo,667,Fire,Normal,62,50,58,73,54,72
Pyroar,668,Fire,Normal,86,68,72,109,66,106
Flabébé,669,Fairy,,44,38,39,61,79,42
Floette,670,Fairy,,54,45,47,75,98,52
Florges,671,Fairy,,78,65,68,112,154,75
Skiddo,672,Grass,,66,65,48,62,57,52
Gogoat,673,Grass,,123,100,62,97,81,68
Pancham,674,Fighting,,67,82,62,46,48,43
Pangoro,675,Fighting,Dark,95,124,78,69,71,58
Furfrou,676,Normal,,75,80,60,65,90,102
Espurr,677,Psychic,,62,48,54,63,60,68
Meowstic,678,Psychic,,74,48,76,83,81,104
Honedge,679,Steel,Ghost,45,80,100,35,37,28
Doublade,680,Steel,Ghost,59,110,150,45,49,35
Aegislash,681,Steel,Ghost,60,50,140,50,140,60
Spritzee,682,Fairy,,78,52,60,63,65,23
Aromatisse,683,Fairy,,101,72,72,99,89,29
Swirlix,684,Fairy,,62,48,66,59,57,49
Slurpuff,685,Fairy,,82,80,86,85,75,72
Inkay,686,Dark,Psychic,53,54,53,37,46,45
Malamar,687,Dark,Psychic,86,92,88,68,75,73
Binacle,688,Rock,Water,42,52,67,39,56,50
Barbaracle,689,Rock,Water,72,105,115,54,86,68
Skrelp,690,Poison,Water,50,60,60,60,60,30
Dragalge,691,Poison,Dragon,65,75,90,97,123,44
Clauncher,692,Water,,50,53,62,58,63,44
Clawitzer,693,Water,,71,73,88,120,89,59
Helioptile,694,Electric,Normal,44,38,33,61,43,70
Heliolisk,695,Electric,Normal,62,55,52,109,94,109
Tyrunt,696,Rock,Dragon,58,89,77,45,45,48
Tyrantrum,697,Rock,Dragon,82,121,119,69,59,71
Amaura,698,Rock,Ice,77,59,50,67,63,46
Aurorus,699,Rock,Ice,123,77,72,99,92,58
Sylveon,700,Fairy,,95,65,65,110,130,60
Hawlucha,701,Fighting,Flying,78,92,75,74,63,118
Dedenne,702,Electric,Fairy,67,58,57,81,67,101
Carbink,703,Rock,Fairy,50,50,150,50,150,50
Goomy,704,Dragon,,45,50,35,55,75,40
Sliggoo,705,Dragon,,68,75,53,83,113,60
Goodra,706,Dragon,,90,100,70,110,150,80
Klefki,707,Steel,Fairy,57,80,91,80,87,75
Phantump,708,Ghost,Grass,43,70,48,50,60,38
Trevenant,709,Ghost,Grass,85,110,76,65,82,56
Pumpkaboo,710,Ghost,Grass,49,66,70,44,55,51
Gourgeist,711,Ghost,Grass,65,90,122,58,75,84
Bergmite,712,Ice,,55,69,85,32,35,28
Avalugg,713,Ice,,95,117,184,44,46,28
Noibat,714,Flying,Dragon,40,30,35,45,40,55
Noivern,715,Flying,Dragon,85,70,80,97,80,123
Xerneas,716,Fairy,,126,131,95,131,98,99
Yveltal,717,Dark,Flying,126,131,95,131,98,99
Zygarde,718,Dragon,Ground,108,100,121,81,95,95
Diancie,719,Rock,Fairy,50,100,150,100,150,50
Hoopa,720,Psychic,Ghost,80,110,60,150,130,70
Volcanion,721,Fire,Water,80,110,120,130,90,70
Rowlet,722,Grass,Flying,68,55,55,50,50,42
Dartrix,723,Grass,Flying,78,75,75,70,70,52
Decidueye,724,Grass,Ghost,78,107,75,100,100,70
Litten,725,Fire,,45,65,40,60,40,70
Torracat,726,Fire,,65,85,50,80,50,90
Incineroar,727,Fire,Dark,95,115,90,80,90,60
Popplio,728,Water,,50,54,54,66,56,40
Brionne,729,Water,,60,69,69,91,81,50
Primarina,730,Water,Fairy,80,74,74,126,116,60
Pikipek,731,Normal,Flying,35,75,30,30,30,65
Trumbeak,732,Normal,Flying,55,85,50,40,50,75
Toucannon,733,Normal,Flying,80,120,75,75,75,60
Yungoos,734,Normal,,48,70,30,30,30,45
Gumshoos,735,Normal,,88,110,60,55,60,45
Grubbin,736,Bug,,47,62,45,55,45,46
Charjabug,737,Bug,Electric,57,82,95,55,75,36
Vikavolt,738,Bug,Electric,77,70,90,145,75,43
Crabrawler,739,Fighting,,47,82,57,42,47,63
Crabominable,740,Fighting,Ice,97,132,77,62,67,43
Oricorio,741,Fire,Flying,75,70,70,98,70,93
Cutiefly,742,Bug,Fairy,40,45,40,55,40,84
Ribombee,743,Bug,Fairy,60,55,60,95,70,124
Rockruff,744,Rock,,45,65,40,30,40,60
Lycanroc,745,Rock,,75,115,65,55,65,112
Wishiwashi,746,Water,,45,20,20,25,25,40
Mareanie,747,Poison,Water,50,53,62,43,52,45
Toxapex,748,Poison,Water,50,63,152,53,142,35
Mudbray,749,Ground,,70,100,70,45,55,45
Mudsdale,750,Ground,,100,125,100,55,85,35
Dewpider,751,Water,Bug,38,40,52,40,72,27
Araquanid,752,Water,Bug,68,70,92,50,132,42
Fomantis,753,Grass,,40,55,35,50,35,35
Lurantis,754,Grass,,70,105,90,80,90,45
Morelull,755,Grass,Fairy,40,35,55,65,75,15
Shiinotic,756,Grass,Fairy,60,45,80,90,100,30
Salandit,757,Poison,Fire,48,44,40,71,40,77
Salazzle,758,Poison,Fire,68,64,60,111,60,117
Stufful,759,Normal,Fighting,70,75,50,45,50,50
Bewear,760,Normal,Fighting,120,125,80,55,60,60
Bounsweet,761,Grass,,42,30,38,30,38,32
Steenee,762,Grass,,52,40,48,40,48,62
Tsareena,763,Grass,,72,120,98,50,98,72
Comfey,764,Fairy,,51,52,90,82,110,100
Oranguru,765,Normal,Psychic,90,60,80,90,110,60
Passimian,766,Fighting,,100,120,90,40,60,80
Wimpod,767,Bug,Water,25,35,40,20,30,80
Golisopod,768,Bug,Water,75,125,140,60,90,40
Sandygast,769,Ghost,Ground,55,55,80,70,45,15
Palossand,770,Ghost,Ground,85,75,110,100,75,35
Pyukumuku,771,Water,,55,60,130,30,130,5
Type: Null,772,Normal,,95,95,95,95,95,59
Silvally,773,Normal,,95,95,95,95,95,95
Minior,774,Rock,Flying,60,60,100,60,100,60
Komala,775,Normal,,65,115,65,75,95,65
Turtonator,776,Fire,Dragon,60,78,135,91,85,36
Togedemaru,777,Electric,Steel,65,98,63,40,73,96
Mimikyu,778,Ghost,Fairy,55,90,80,50,105,96
Bruxish,779,Water,Psychic,68,105,70,70,70,92
Drampa,780,Normal,Dragon,78,60,85,135,91,36
Dhelmise,781,Ghost,Grass,70,131,100,86,90,40
Jangmo-o,782,Dragon,,45,55,65,45,45,45
Hakamo-o,783,Dragon,Fighting,55,75,90,65,70,65
Kommo-o,784,Dragon,Fighting,75,110,125,100,105,85
Tapu Koko,785,Electric,Fairy,70,115,85,95,75,130
Tapu Lele,786,Psychic,Fairy,70,85,75,130,115,95
Tapu Bulu,787,Grass,Fairy,70,130,115,85,95,75
Tapu Fini,788,Water,Fairy,70,75,115,95,130,85
Cosmog,789,Psychic,,43,29,31,29,31,37
Cosmoem,790,Psychic,,43,29,131,29,131,37
Solgaleo,791,Psychic,Steel,137,137,107,113,89,97
Lunala,792,Psychic,Ghost,137,113,89,137,107,97
Nihilego,793,Rock,Poison,109,53,47,127,131,103
Buzzwole,794,Bug,Fighting,107,139,139,53,53,79
Pheromosa,795,Bug,Fighting,71,137,37,137,37,151
Xurkitree,796,Electric,,83,89,71,173,71,83
Celesteela,797,Steel,Flying,97,101,103,107,101,61
Kartana,798,Grass,Steel,59,181,131,59,31,109
Guzzlord,799,Dark,Dragon,223,101,53,97,53,43
Necrozma,800,Psychic,,97,107,101,127,89,79
Magearna,801,Steel,Fairy,80,95,115,130,115,65
Marshadow,802,Fighting,Ghost,90,125,80,90,90,125
Poipole,803,Poison,,67,73,67,73,67,73
Naganadel,804,Poison,Dragon,73,73,73,127,73,121
Stakataka,805,Rock,Steel,61,131,211,53,101,13
Blacephalon,806,Fire,Ghost,53,127,53,151,79,107
Zeraora,807,Electric,,88,112,75,102,80,143
Meltan,808,Steel,,46,65,65,55,35,34
Melmetal,809,Steel,,135,143,143,80,65,34
Grookey,810,Grass,,50,65,50,40,40,65
Thwackey,811,Grass,,70,85,70,55,60,80
Rillaboom,812,Grass,,100,125,90,60,70,85
Scorbunny,813,Fire,,50,71,40,40,40,69
Raboot,814,Fire,,65,86,60,55,60,94
Cinderace,815,Fire,,80,116,75,65,75,119
Sobble,816,Water,,50,40,40,70,40,70
Drizzile,817,Water,,65,60,55,95,55,90
Inteleon,818,Water,,70,85,65,125,65,120
Skwovet,819,Normal,,70,55,55,35,35,25
Greedent,820,Normal,,120,95,95,55,75,20
Rookidee,821,Flying,,38,47,35,33,35,57
Corvisquire,822,Flying,,68,67,55,43,55,77
Corviknight,823,Flying,Steel,98,87,105,53,85,67
Blipbug,824,Bug,,25,20,20,25,45,45
Dottler,825,Bug,Psychic,50,35,80,50,90,30
Orbeetle,826,Bug,Psychic,60,45,110,80,120,90
Nickit,827,Dark,,40,28,28,47,52,50
Thievul,828,Dark,,70,58,58,87,92,90
Gossifleur,829,Grass,,40,40,60,40,60,10
Eldegoss,830,Grass,,60,50,90,80,120,60
Wooloo,831,Normal,,42,40,55,40,45,48
Dubwool,832,Normal,,72,80,100,60,90,88
Chewtle,833,Water,,50,64,50,38,38,44
Drednaw,834,Water,Rock,90,115,90,48,68,74
Yamper,835,Electric,,59,45,50,40,50,26
Boltund,836,Electric,,69,90,60,90,60,121
Rolycoly,837,Rock,,30,40,50,40,50,30
Carkol,838,Rock,Fire,80,60,90,60,70,50
Coalossal,839,Rock,Fire,110,80,120,80,90,30
Applin,840,Grass,Dragon,40,40,80,40,40,20
Flapple,841,Grass,Dragon,70,110,80,95,60,70
Appletun,842,Grass,Dragon,110,85,80,100,80,30
Silicobra,843,Ground,,52,57,75,35,50,46
Sandaconda,844,Ground,,72,107,125,65,70,71
Cramorant,845,Flying,Water,70,85,55,85,95,85
Arrokuda,846,Water,,41,63,40,40,30,66
Barraskewda,847,Water,,61,123,60,60,50,136
Toxel,848,Electric,Poison,40,38,35,54,35,40
Toxtricity,849,Electric,Poison,75,98,70,114,70,75
Sizzlipede,850,Fire,Bug,50,65,45,50,50,45
Centiskorch,851,Fire,Bug,100,115,65,90,90,65
Clobbopus,852,Fighting,,50,68,60,50,50,32
Grapploct,853,Fighting,,80,118,90,70,80,42
Sinistea,854,Ghost,,40,45,45,74,54,50
Polteageist,855,Ghost,,60,65,65,134,114,70
Hatenna,856,Psychic,,42,30,45,56,53,39
Hattrem,857,Psychic,,57,40,65,86,73,49
Hatterene,858,Psychic,Fairy,57,90,95,136,103,29
Impidimp,859,Dark,Fairy,45,45,30,55,40,50
Morgrem,860,Dark,Fairy,65,60,45,75,55,70
Grimmsnarl,861,Dark,Fairy,95,120,65,95,75,60
Obstagoon,862,Dark,Normal,93,90,101,60,81,95
Perrserker,863,Steel,,70,110,100,50,60,50
Cursola,864,Ghost,,60,95,50,145,130,30
Sirfetch'd,865,Fighting,,62,135,95,68,82,65
Mr. Rime,866,Ice,Psychic,80,85,75,110,100,70
Runerigus,867,Ground,Ghost,58,95,145,50,105,30
Milcery,868,Fairy,,45,40,40,50,61,34
Alcremie,869,Fairy,,65,60,75,110,121,64
Falinks,870,Fighting,,65,100,100,70,60,75
Pincurchin,871,Electric,,48,101,95,91,85,15
Snom,872,Ice,Bug,30,25,35,45,30,20
Frosmoth,873,Ice,Bug,70,65,60,125,90,65
Stonjourner,874,Rock,,100,125,135,20,20,70
Eiscue,875,Ice,,75,80,110,65,90,50
Indeedee,876,Psychic,Normal,60,65,55,105,95,95
Morpeko,877,Electric,Dark,58,95,58,70,58,97
Cufant,878,Steel,,72,80,49,40,49,40
Copperajah,879,Steel,,122,130,69,80,69,30
Dracozolt,880,Electric,Dragon,90,100,90,80,70,75
Arctozolt,881,Electric,Ice,90,100,90,90,80,55
Dracovish,882,Water,Dragon,90,90,100,70,80,75
Arctovish,883,Water,Ice,90,90,100,80,90,55
Duraludon,884,Steel,Dragon,70,95,115,120,50,85
Dreepy,885,Dragon,Ghost,28,60,30,40,30,82
Drakloak,886,Dragon,Ghost,68,80,50,60,50,102
Dragapult,887,Dragon,Ghost,88,120,75,100,75,142
Zacian,888,Fairy,,92,120,115,80,115,138
Zamazenta,889,Fighting,,92,120,115,80,115,138
Eternatus,890,Poison,Dragon,140,85,95,145,95,130
Kubfu,891,Fighting,,60,90,60,53,50,72
Urshifu,892,Fighting,Dark,100,130,100,63,60,97
Zarude,893,Dark,Grass,105,120,105,70,95,105
Regieleki,894,Electric,,80,100,50,100,50,200
Regidrago,895,Dragon,,200,100,50,100,50,80
Glastrier,896,Ice,,100,145,130,65,110,30
Spectrier,897,Ghost,,100,65,60,145,80,130
Calyrex,898,Psychic,Grass,100,80,80,80,80,80
Wyrdeer,899,Normal,Psychic,103,105,72,105,75,65
Kleavor,900,Bug,Rock,70,135,95,45,70,85
Ursaluna,901,Ground,Normal,130,140,105,45,80,50
Basculegion,902,Water,Ghost,120,112,65,80,75,78
Sneasler,903,Fighting,Poison,80,130,60,40,80,120
Overqwil,904,Dark,Poison,85,115,95,65,65,85
Enamorus,905,Fairy,Flying,74,115,70,135,80,106
Sprigatito,906,Grass,,40,61,54,45,45,65
Floragato,907,Grass,,61,80,63,60,63,83
Meowscarada,908,Grass,Dark,76,110,70,81,70,123
Fuecoco,909,Fire,,67,45,59,63,40,36
Crocalor,910,Fire,,81,55,78,90,58,49
Skeledirge,911,Fire,Ghost,104,75,100,110,75,66
Quaxly,912,Water,,55,65,45,50,45,50
Quaxwell,913,Water,,70,85,65,65,60,65
Quaquaval,914,Water,Fighting,85,120,80,85,75,85
Lechonk,915,Normal,,54,45,40,35,45,35
Oinkologne,916,Normal,,110,100,75,59,80,65
Tarountula,917,Bug,,35,41,45,29,40,20
Spidops,918,Bug,,60,79,92,52,86,35
Nymble,919,Bug,,33,46,40,21,25,45
Lokix,920,Bug,Dark,71,102,78,52,55,92
Pawmi,921,Electric,,45,50,20,40,25,60
Pawmo,922,Electric,Fighting,60,75,40,50,40,85
Pawmot,923,Electric,Fighting,70,115,70,70,60,105
Tandemaus,924,Normal,,50,50,45,40,45,75
Maushold,925,Normal,,74,75,70,65,75,111
Fidough,926,Fairy,,37,55,70,30,55,65
Dachsbun,927,Fairy,,57,80,115,50,80,95
Smoliv,928,Grass,Normal,41,35,45,58,51,30
Dolliv,929,Grass,Normal,52,53,60,78,78,33
Arboliva,930,Grass,Normal,78,69,90,125,109,39
Squawkabilly,931,Normal,Flying,82,96,51,45,51,92
Nacli,932,Rock,,55,55,75,35,35,25
Naclstack,933,Rock,,60,60,100,35,65,35
Garganacl,934,Rock,,100,100,130,45,90,35
Charcadet,935,Fire,,40,50,40,50,40,35
Armarouge,936,Fire,Psychic,85,60,100,125,80,75
Ceruledge,937,Fire,Ghost,75,125,80,60,100,85
Tadbulb,938,Electric,,61,31,41,59,35,45
Bellibolt,939,Electric,,109,64,91,103,83,45
Wattrel,940,Electric,Flying,40,40,35,55,40,70
Kilowattrel,941,Electric,Flying,70,70,60,105,60,125
Maschiff,942,Dark,,60,78,60,40,51,51
Mabosstiff,943,Dark,,80,120,90,60,70,85
Shroodle,944,Poison,Normal,40,65,35,40,35,75
Grafaiai,945,Poison,Normal,63,95,65,80,72,110
Bramblin,946,Grass,Ghost,40,65,30,45,35,60
Brambleghast,947,Grass,Ghost,55,115,70,80,70,90
Toedscool,948,Ground,Grass,40,40,35,50,100,70
Toedscruel,949,Ground,Grass,80,70,65,80,120,100
Klawf,950,Rock,,70,100,115,35,55,75
Capsakid,951,Grass,,50,62,40,62,40,50
Scovillain,952,Grass,Fire,65,108,65,108,65,75
Rellor,953,Bug,,41,50,60,31,58,30
Rabsca,954,Bug,Psychic,75,50,85,115,100,45
Flittle,955,Psychic,,30,35,30,55,30,75
Espathra,956,Psychic,,95,60,60,101,60,105
Tinkatink,957,Fairy,Steel,50,45,45,35,64,58
Tinkatuff,958,Fairy,Steel,65,55,55,45,82,78
Tinkaton,959,Fairy,Steel,85,75,77,70,105,94
Wiglett,960,Water,,10,55,25,35,25,95
Wugtrio,961,Water,,35,100,50,50,70,120
Bombirdier,962,Flying,Dark,70,103,85,60,85,82
Finizen,963,Water,,70,45,40,45,40,75
Palafin,964,Water,,100,70,72,53,62,100
Varoom,965,Steel,Poison,45,70,63,30,45,47
Revavroom,966,Steel,Poison,80,119,90,54,67,90
Cyclizar,967,Dragon,Normal,70,95,65,85,65,121
Orthworm,968,Steel,,70,85,145,60,55,65
Glimmet,969,Rock,Poison,48,35,42,105,60,60
Glimmora,970,Rock,Poison,83,55,90,130,81,86
Greavard,971,Ghost,,50,61,60,30,55,34
Houndstone,972,Ghost,,72,101,100,50,97,68
Flamigo,973,Flying,Fighting,82,115,74,75,64,90
Cetoddle,974,Ice,,108,68,45,30,40,43
Cetitan,975,Ice,,170,113,65,45,55,73
Veluza,976,Water,Psychic,90,102,73,78,65,70
Dondozo,977,Water,,150,100,115,65,65,35
Tatsugiri,978,Dragon,Water,68,50,60,120,95,82
Annihilape,979,Fighting,Ghost,110,115,80,50,90,90
Clodsire,980,Poison,Ground,130,75,60,45,100,20
Farigiraf,981,Normal,Psychic,120,90,70,110,70,60
Dudunsparce,982,Normal,,125,100,80,85,75,55
Kingambit,983,Dark,Steel,100,135,120,60,85,50
Great Tusk,984,Ground,Fighting,115,131,131,53,53,87
Scream Tail,985,Fairy,Psychic,115,65,99,65,115,111
Brute Bonnet,986,Grass,Dark,111,127,99,79,99,55
Flutter Mane,987,Ghost,Fairy,55,55,55,135,135,135
Slither Wing,988,Bug,Fighting,85,135,79,85,105,81
Sandy Shocks,989,Electric,Ground,85,81,97,121,85,101
Iron Treads,990,Ground,Steel,90,112,120,72,70,106
Iron Bundle,991,Ice,Water,56,80,114,124,60,136
Iron Hands,992,Fighting,Electric,154,140,108,50,68,50
Iron Jugulis,993,Dark,Flying,94,80,86,122,80,108
Iron Moth,994,Fire,Poison,80,70,60,140,110,110
Iron Thorns,995,Rock,Electric,100,134,110,70,84,72
Frigibax,996,Dragon,Ice,65,75,45,35,45,55
Arctibax,997,Dragon,Ice,90,95,66,45,65,62
Baxcalibur,998,Dragon,Ice,115,145,92,75,86,87
Gimmighoul,999,Ghost,,45,30,70,75,70,10
Gholdengo,1000,Steel,Ghost,87,60,95,133,91,84
Wo-Chien,1001,Dark,Grass,85,85,100,95,135,70
Chien-Pao,1002,Dark,Ice,80,120,80,90,65,135
Ting-Lu,1003,Dark,Ground,155,110,125,55,80,45
Chi-Yu,1004,Dark,Fire,55,80,80,135,120,100
Roaring Moon,1005,Dragon,Dark,105,139,71,55,101,119
Iron Valiant,1006,Fairy,Fighting,74,130,90,120,60,116
Koraidon,1007,Fighting,Dragon,100,135,115,85,100,135
Miraidon,1008,Electric,Dragon,100,85,100,135,115,135
Walking Wake,1009,Water,Dragon,99,83,91,125,83,109
Iron Leaves,1010,Grass,Psychic,90,130,88,70,108,104
Dipplin,1011,Grass,Dragon,80,80,110,95,80,40
Poltchageist,1012,Grass,Ghost,40,45,45,74,54,50
Sinistcha,1013,Grass,Ghost,71,60,106,121,80,70
Okidogi,1014,Poison,Fighting,88,128,115,58,86,80
Munkidori,1015,Poison,Psychic,88,75,66,130,90,106
Fezandipiti,1016,Poison,Fairy,88,91,82,70,125,99
Ogerpon,1017,Grass,,80,120,84,60,96,110
Archaludon,1018,Steel,Dragon,90,105,130,125,65,85
Hydrapple,1019,Grass,Dragon,106,80,110,120,80,44
Gouging Fire,1020,Fire,Dragon,105,115,121,65,93,91
Raging Bolt,1021,Electric,Dragon,125,73,91,137,89,75
Iron Boulder,1022,Rock,Psychic,90,120,80,68,108,124
Iron Crown,1023,Steel,Psychic,90,72,100,122,108,98
Terapagos terastal-form,1024,Normal,,95,95,110,105,110,85
Pecharunt,1025,Poison,Ghost,88,88,160,88,88,88